{"cameraMode":{"drawMode":0,"name":"Shaded","section":"Shading Mode"},"sceneLighting":true,"audioPlay":false,"sceneViewState":{"m_AlwaysRefresh":false,"showFog":true,"showSkybox":true,"showFlares":true,"showImageEffects":true,"showParticleSystems":true,"showVisualEffectGraphs":true,"m_FxEnabled":true},"in2DMode":false,"pivot":{"x":0.006421681493520737,"y":32.96242904663086,"z":-4.779599189758301},"rotation":{"x":-0.12665468454360963,"y":0.8030080795288086,"z":-0.18404418230056764,"w":-0.5525527000427246},"size":12.12435531616211,"orthographic":false}